Código de censo,Fecha,Censador,Acompañante 1,Acompañante 2,Piloto,Avioneta,Matrícula,Aeropuerto,Hora inicio,Hora fin,¿Track GPS?,Track,Foto,Visibilidad,Intensidad del viento,Dirección del viento,Condición atmosférica,Temperatura,¿Censo válido?,Observaciones
CA_20051027,2005-10-27,Censador 5,A**,H****,H*** *********,Cessna 172,,-,10:40:00,12:30:00,,,,,,,,,True,"Incidencias: 
La localidad 46 corresponde a Arroyo Partido (46H)"
CA_20051124,2005-11-24,Censador 5,R* *********,-,H*** *********,Cessna 172,,-,10:30:00,12:05:00,,,,,,,,,True,"Incidencias: 
La localidad 46 corresponde a Arroyo Partido (46H)"
CA_20051219,2005-12-19,Censador 5,M*******,A**,H*** *********,Cessna 172,,-,10:30:00,12:30:00,,,,,,,,,True,"Incidencias: 
La localidad 46 corresponde a Arroyo Partido (46H)"
CA_20060118,2006-01-18,Censador 5,R*** ****,J*** **** ******,H*** *********,Cessna 172,,-,11:00:00,14:00:00,,,,,,,,,True,"Incidencias: 
La localidad 46 corresponde a Arroyo Partido (46H)"
CA_20060213,2006-02-13,Censador 5,J* ** *****,M****,H*** *********,Cessna 172,,-,10:00:00,12:30:00,,,,,,,,,True,"Incidencias: 
La localidad 46 corresponde a Arroyo Partido (46H)"
CA_20060322,2006-03-22,Censador 5,J*** **** ******,-,H*** *********,Cessna 172,,-,09:50:00,12:15:00,,,,,,,,,True,"Incidencias: 
La localidad 46 corresponde a Arroyo Partido (46H)"
CA_20060411,2006-04-11,Censador 5,E******* ********,A****** *****,B****,Cessna 172,,-,10:15:00,12:35:00,,,,,,,,,True,"Incidencias: 
La localidad 46 corresponde a Arroyo Partido (46H)"
CA_20060518,2006-05-18,Censador 5,R**** ******,D*****,H*** *********,Cessna 172,,-,10:50:00,13:50:00,,,,,,,,,True,"Incidencias: 
La localidad 46 corresponde a Arroyo Partido (46H)"
CA_20060627,2006-06-27,Censador 5,F* ******,M* ******,H*** *********,Cessna 172,,-,10:00:00,12:00:00,,,,,,,,,True,"Incidencias: 
La localidad 46 corresponde a Arroyo Partido (46H)"
CA_20060727,2006-07-27,Censador 5,J*** **** ******,R* *******,H*** *********,Cessna 172,,-,09:30:00,11:30:00,,,,,,,,,True,"Incidencias: 
La localidad 46 corresponde a Arroyo Partido (46H)"
CA_20060816,2006-08-16,Censador 5,M* *****,O* ****,H*** *********,Cessna 172,,-,10:00:00,12:00:00,,,,,,,,,True,"Incidencias: 
La localidad 46 corresponde a Arroyo Partido (46H)"
CA_20060912,2006-09-12,Censador 5,F******** ****** *******,-,H*** *********,Cessna 172,,-,09:30:00,11:50:00,,,,,,,,,True,"Incidencias: 
La localidad 46 corresponde a Arroyo Partido (46H)"
CA_20061030,2006-10-30,Censador 5,J*** **** ******,A******** ******,H*** *********,Cessna 172,,-,10:40:00,13:00:00,,,,,,,,,True,"Incidencias: 
La localidad 46 corresponde a Arroyo Partido (46H)"
CA_20061116,2006-11-16,Censador 5,J* ***** *****,S***** ******,H*** *********,Cessna 172,,-,11:00:00,13:30:00,,,,,,,,,True,"Incidencias: 
La localidad 46 corresponde a Arroyo Partido (46H)"
CA_20061221,2006-12-21,Censador 5,J*** **** ******,-,B****,Cessna 172,,-,11:00:00,13:40:00,,,,,,,,,True,"Incidencias: 
La localidad 46 corresponde a Arroyo Partido (46H)"
CA_20070111,2007-01-11,Censador 5,C**** *******,P**** ********,H*** *********,Cessna 172,,-,10:40:00,13:10:00,,,,,,,,,True,"Incidencias: 
La localidad 46 corresponde a Arroyo Partido (46H)"
CA_20070219,2007-02-19,Censador 5,J*** **** ******,J*** ****** *****,H*** *********,Cessna 172,,-,11:00:00,13:30:00,,censos_aereos/tracks/CA_20070219.gpx,,,,,,,True,"Incidencias: 
La localidad 46 corresponde a Arroyo Partido (46H)"
CA_20070312,2007-03-12,Censador 5,O****,-,H*** *********,Cessna 172,,-,10:30:00,12:55:00,,,,,,,,,True,"Incidencias: 
La localidad 46 corresponde a Arroyo Partido (46H)"
CA_20070424,2007-04-24,Censador 5,J* ** *******,J* ** ***** ** *****,F******* *********,Cessna 172,,-,09:30:00,11:45:00,,,,,,,,,True,"Incidencias: 
La localidad 46 corresponde a Arroyo Partido (46H)"
CA_20070521,2007-05-21,Censador 5,Y****** ****,J* ** ******,H*** *********,Cessna 172,-,-,09:30:00,11:45:00,,censos_aereos/tracks/CA_20070521.gpx,,,,,,,True,"Incidencias: 
La localidad 46 corresponde a Arroyo Partido (46H)"
CA_20070612,2007-06-12,Censador 5,F* *******,B****,H*** *********,Cessna 172,,-,09:30:00,11:20:00,,,,,,,,,True,"Incidencias: 
La localidad 46 corresponde a Arroyo Partido (46H)"
CA_20070720,2007-07-20,Censador 5,D**** *****,-,H*** *********,Cessna 172,,-,09:30:00,11:45:00,,,,,,,,,True,"Incidencias: 
La localidad 46 corresponde a Arroyo Partido (46H)"
CA_20070826,2007-08-26,Censador 5,A** ******,H***** *********,H*** *********,Cessna 172,,-,09:45:00,11:30:00,,,,,,,,,True,"Incidencias: 
La localidad 46 corresponde a Arroyo Partido (46H)"
CA_20070918,2007-09-18,Censador 5,C****** ******,J*** *******,H*** *********,Cessna 172,,-,09:30:00,11:15:00,,,,,,,,,True,"Incidencias: 
La localidad 46 corresponde a Arroyo Partido (46H)"
CA_20071023,2007-10-23,Censador 5,G******** ***,E**,H*** *********,Cessna 172,,-,11:00:00,13:00:00,,,,,,,,,True,"Incidencias: 
La localidad 46 corresponde a Arroyo Partido (46H)"
CA_20071115,2007-11-15,Censador 5,J*** ***** ** *****,D**** *****,H*** *********,Cessna 172,,-,10:30:00,12:30:00,,,,,,,,,True,"Incidencias: 
La localidad 46 corresponde a Arroyo Partido (46H)"
CA_20071214,2007-12-14,Censador 5,F******** *********,J*** ***** ******,H*** *********,Cessna 172,,-,,,,,,,,,,,True,"Incidencias: 
La localidad 46 corresponde a Arroyo Partido (46H)"
CA_20080117,2008-01-17,Censador 5,R*** *********,P*** ********,F******* *********,Cessna 172,,-,10:00:00,12:07:00,,,,,,,,,True,"Incidencias: 
La localidad 46 corresponde a Arroyo Partido (46H)"
CA_20080212,2008-02-12,Censador 5,J*** **** ******,-,H*** *********,Cessna 172,,-,10:30:00,12:30:00,,,,,,,,,True,"Incidencias: 
La localidad 46 corresponde a Arroyo Partido (46H)"
CA_20080314,2008-03-14,Censador 5,J*** **** ******,I**,H*** *********,Cessna 172,,-,10:30:00,12:00:00,,censos_aereos/tracks/CA_20080314.gpx,,,,,,,True,"Incidencias: 
La localidad 46 corresponde a Arroyo Partido (46H)"
CA_20080422,2008-04-22,Censador 5,J*** **** ******,D**** ********,H*** *********,Cessna 172,,-,09:30:00,12:00:00,,censos_aereos/tracks/CA_20080422.gpx,,,,,,,True,"Incidencias: 
La localidad 46 corresponde a Arroyo Partido (46H)"
CA_20080519,2008-05-19,Censador 5,J* ** ********,-,H*** *********,Cessna 172,,-,09:45:00,12:00:00,,,,,,,,,True,"Incidencias: 
La localidad 46 corresponde a Arroyo Partido (46H)"
CA_20080612,2008-06-12,Censador 5,N**** *****,M******* ******,F******* *********,Cessna 172,,-,10:50:00,12:50:00,,,,,,,,,True,"Incidencias: 
La localidad 46 corresponde a Arroyo Partido (46H)"
CA_20080711,2008-07-11,Censador 5,-,-,H*** *********,Cessna 172,,-,09:30:00,11:30:00,,censos_aereos/tracks/CA_20080711.gpx,,,,,,,True,"Incidencias: 
La localidad 46 corresponde a Arroyo Partido (46H)"
CA_20080815,2008-08-15,Censador 5,J*** ****** ****** ****,-,H*** *********,Cessna 172,,-,09:30:00,11:30:00,,,,,,,,,True,"Incidencias: 
La localidad 46 corresponde a Arroyo Partido (46H)"
CA_20080918,2008-09-18,Censador 5,J*** **** ******,A** **********,H*** *********,Cessna 172,,-,09:45:00,11:30:00,,censos_aereos/tracks/CA_20080918.gpx,,,,,,,True,"Incidencias: 
La localidad 46 corresponde a Arroyo Partido (46H)"
CA_20081014,2008-10-14,Censador 5,J*** **** ******,A****** ********,H*** *********,Cessna 172,,-,09:40:00,12:00:00,,censos_aereos/tracks/CA_20081014.gpx,,,,,,,True,"Incidencias: 
La localidad 46 corresponde a Arroyo Partido (46H)"
CA_20081124,2008-11-24,Censador 5,J*** **** ******,R**** *********,H*** *********,Cessna 172,,-,10:40:00,12:30:00,,censos_aereos/tracks/CA_20081124.gpx,,,,,,,True,"Incidencias: 
La localidad 46 corresponde a Arroyo Partido (46H)"
CA_20081216,2008-12-16,Censador 5,J*** **** ******,-,H*** *********,Cessna 172,,-,10:30:00,13:00:00,,censos_aereos/tracks/CA_20081216.gpx,,,,,,,True,"Incidencias: 
La localidad 46 corresponde a Arroyo Partido (46H)"
CA_20090121,2009-01-21,Censador 6,M***** *****,R**** *********,H*** *********,Cessna 172,-,-,10:30:00,12:30:00,,censos_aereos/tracks/CA_20090121.gpx,,,,,,,True,"Incidencias: 
La localidad 46 corresponde a Arroyo Partido (46H)"
CA_20090216,2009-02-16,Censador 5,J*** **** ******,-,H*** *********,Cessna 172,-,-,10:30:00,13:00:00,,censos_aereos/tracks/CA_20090216.gpx,,,,,,,True,"Incidencias: 
La localidad 46 corresponde a Arroyo Partido (46H)"
CA_20090310,2009-03-10,Censador 5,J*** **** ******,-,H*** *********,Cessna 172,-,-,09:30:00,11:45:00,,censos_aereos/tracks/CA_20090310.gpx,,,,,,,True,"Incidencias: 
La localidad 46 corresponde a Arroyo Partido (46H)"
CA_20090409,2009-04-09,Censador 5,D**** ********,I*** *******,H*** *********,Cessna 172,-,-,09:40:00,11:40:00,,,,,,,,,True,"Incidencias: 
La localidad 46 corresponde a Arroyo Partido (46H)"
CA_20090519,2009-05-19,Censador 5,M***** ***** ***,N***,H*** *********,Cessna 172,-,-,09:30:00,12:15:00,,,,,,,,,True,"Incidencias: 
La localidad 46 corresponde a Arroyo Partido (46H)"
CA_20090619,2009-06-19,Censador 5,J*** **** ******,A****** *******,H*** *********,Cessna 172,-,-,09:30:00,11:30:00,,censos_aereos/tracks/CA_20090619.gpx,,,,,,,True,"Incidencias: 
La localidad 46 corresponde a Arroyo Partido (46H)"
CA_20090713,2009-07-13,Censador 5,M* ** ******,J*** ***** *****,H*** *********,Cessna 172,-,-,09:30:00,12:00:00,,,,,,,,,True,"Incidencias: 
La localidad 46 corresponde a Arroyo Partido (46H)"
CA_20090813,2009-08-13,Censador 5,J* ** **** ** ****,-,H*** *********,Cessna 172,-,-,10:00:00,12:00:00,,,,,,,,,True,
CA_20090917,2009-09-17,Censador 5,J*** **** ******,J* ** ***** ** *****,H*** *********,Cessna 172,-,-,10:45:00,12:40:00,,censos_aereos/tracks/CA_20090917.gpx,,,,,,,True,
CA_20091027,2009-10-27,Censador 5,-,-,H*** *********,Cessna 172,-,-,10:15:00,12:15:00,,,,,,,,,True,"Incidencias: 
La localidad 46 corresponde a Arroyo Partido (46H)"
CA_20091127,2009-11-27,Censador 5,R**** *********,-,H*** *********,Cessna 172,-,-,10:30:00,13:30:00,,,,,,,,,True,"Incidencias: 
La localidad 46 corresponde a Arroyo Partido (46H)"
CA_20091217,2009-12-17,Censador 5,J*** **** ******,-,H*** *********,Cessna 172,-,-,12:10:00,14:30:00,,censos_aereos/tracks/CA_20091217.gpx,,,,,,,True,"Incidencias: 
La localidad 46 corresponde a Arroyo Partido (46H)"
CA_20100115,2010-01-15,Censador 5,J*** **** ******,J*** *****,H*** *********,Cessna 172,,-,09:40:00,12:40:00,,censos_aereos/tracks/CA_20100115.gpx,,,,,,,True,"Incidencias: 
Las localidades 08, 11, 12 < se censa un 25% / , 07A,  13, 14 no se censan por NIEBLA. La localidad 46 corresponde a Arroyo Partido (46H) "
CA_20100224,2010-02-24,Censador 5,J*** **** ******,U** *********,H*** *********,Cessna 172,,-,,,,censos_aereos/tracks/CA_20100224.gpx,,,,,,,True,"Incidencias: 
La localidad 46 corresponde a Arroyo Partido (46H)"
CA_20100316,2010-03-16,Censador 5,J*** **** ******,A** *******,H*** *********,Cessna 172,,-,09:10:00,12:00:00,,censos_aereos/tracks/CA_20100316.gpx,,,,,,,True,"Incidencias: 
La localidad 46 corresponde a Arroyo Partido (46H)"
CA_20100414,2010-04-14,Censador 5,J*** **** ******,C****** *******,H*** *********,Cessna 172,,-,10:15:00,12:30:00,,censos_aereos/tracks/CA_20100414.gpx,,,,,,,True,"Incidencias: 
La localidad 46 corresponde a Arroyo Partido (46H)"
CA_20100518,2010-05-18,Censador 5,E**** ******,M****** ******,H*** *********,Cessna 172,,-,09:30:00,13:00:00,,,,,,,,,True,"Incidencias: 
La localidad 46 corresponde a Arroyo Partido (46H)"
CA_20100617,2010-06-17,Censador 5,M******** ****,M**** ******,H*** *********,Cessna 172,,-,09:15:00,11:30:00,,,,,,,,,True,"Incidencias: 
La localidad 46 corresponde a Arroyo Partido (46H)"
CA_20100714,2010-07-14,Censador 5,J*** **** ******,-,H*** *********,Cessna 172,,-,09:00:00,12:30:00,,censos_aereos/tracks/CA_20100714.gpx,,,,,,,True,"Incidencias: 
La grabacion esta deteriorada es las localidades 087, 089, 08A1, 08B, 08C y 08I, No se puede hacer la lectura de los datos en estas localidades. La localidad 46 corresponde a Arroyo Partido (46H)"
CA_20100818,2010-08-18,Censador 5,J*** **** ******,J*** ****** ******,H*** *********,Cessna 172,,-,09:20:00,11:00:00,,censos_aereos/tracks/CA_20100818.gpx,,,,,,,True,
CA_20100914,2010-09-14,Censador 5,-,-,H*** *********,Cessna 172,,-,09:00:00,11:30:00,,censos_aereos/tracks/CA_20100914.gpx,,,,,,,True,
CA_20101021,2010-10-21,Censador 5,M**** ******,A******,H*** *********,Cessna 172,,-,11:00:00,13:30:00,,,,,,,,,True,"Incidencias: 
La localidad 46 corresponde a Arroyo Partido (46H)"
CA_20101116,2010-11-16,Censador 6,R**** *********,A**** *******,H*** *********,Cessna 172,,-,10:20:00,11:25:00,,censos_aereos/tracks/CA_20101116.gpx,,,,,,,True,
CA_20101229,2010-12-29,Censador 5,J** ******,A***** ******,H*** *********,Cessna 172,,-,09:30:00,11:55:00,,,,,,,,,True,"Incidencias: 
El censo se pudo llevar a cabo con éxito al tercer intento, debido a las condiciones meteorológicas.La localidad 46 corresponde a Arroyo Partido (46H)"
CA_20110118,2011-01-18,Censador 5,J**** *******,G****** *****,H*** *********,Cessna 172,,-,13:15:00,15:40:00,,,,,,,,,True,"Incidencias: 
La localidad 46 corresponde a Arroyo Partido (46H)"
CA_20110224,2011-02-24,Censador 5,J*** **** ******,F******* ****,H*** *********,Cessna 172,,-,09:30:00,12:00:00,,censos_aereos/tracks/CA_20110224.gpx,,,,,,,True,
CA_20110319,2011-03-19,Censador 5,J*** **** ******,-,H*** *********,Cessna 172,,-,08:15:00,11:20:00,,censos_aereos/tracks/CA_20110319.gpx,,,,,,,True,
CA_20110420,2011-04-20,Censador 5,J*** **** ******,N** *******,H*** *********,Cessna 172,,-,09:15:00,11:45:00,,censos_aereos/tracks/CA_20110420.gpx,,,,,,,True,"
Notas de campo: 
Azolla en Vera del Puntal, Vera RBD, Lucio de semilla y Sanlúcar"
CA_20110513,2011-05-13,Censador 5,J*** **** ******,A****** **********,H*** *********,Cessna 172,,-,09:00:00,12:00:00,,censos_aereos/tracks/CA_20110513.gpx,,,,,,,True,"
Notas de campo: 
Azolla en Lucio Vetalengua, Las Nuevas, Bolín y RBD."
CA_20110623,2011-06-23,Censador 5,D***** ******,J* ** ***** ** *****,H*** *********,Cessna 172,,-,10:00:00,12:30:00,,,,,,,,,True,"
Notas de campo: 
Bastante Azolla en las Nuevas y mucha en el Lucio del Rey."
CA_20110718,2011-07-18,Censador 5,J*** ***** *******,C******,H*** *********,Cessna 172,,-,09:00:00,12:00:00,,,,,,,,,True,
CA_20110825,2011-08-25,Censador 6,-,-,H*** *********,Cessna 172,,-,09:25:00,10:45:00,,,,,,,,,True,
CA_20111003,2011-10-03,Censador 5,J*** **** ******,L*** ****** ** ******,H*** *********,Cessna 172,,-,09:00:00,11:15:00,,censos_aereos/tracks/CA_20111003.gpx,,,,,,,True,"Incidencias: 
Aunque la fecha es de octubre se corresponde con el censo aéreo de Septiembre."
CA_20111021,2011-10-21,Censador 5,J*** **** ******,J**** ****,H*** *********,Cessna 172,,-,09:30:00,11:45:00,,censos_aereos/tracks/CA_20111021.gpx,,,,,,,True,
CA_20111115,2011-11-15,Censador 5,J*** **** ******,F* ********,H*** *********,Cessna 172,,-,10:15:00,13:15:00,,censos_aereos/tracks/CA_20111115.gpx,,,,,,,True,"Incidencias: 
La localidad 42 no se ha podido censar completamente por niebla.  "
CA_20111213,2011-12-13,Censador 6,R**** *********,-,H*** *********,Cessna 172,,-,11:52:00,08:52:00,,censos_aereos/tracks/CA_20111213.gpx,,,,,,,True,
CA_20120118,2012-01-18,Censador 5,J*** **** ******,F* ***********,H*** *********,Cessna 172,,-,10:45:00,13:30:00,,censos_aereos/tracks/CA_20120118.gpx,,,,,,,True,
CA_20120213,2012-02-13,Censador 5,F***** ********,-,H*** *********,Cessna 172,,-,10:30:00,12:45:00,,censos_aereos/tracks/CA_20120213.gpx,,,,,,,True,"
Notas de campo: 
Azolla en el Lucio de la Junquera"
CA_20120315,2012-03-15,Censador 5,M**** *****,J****** *****,H*** *********,Cessna 172,,-,10:30:00,,,,,,,,,,True,"Incidencias: 
La localidad 46 corresponde a Arroyo Partido (46H)"
CA_20120416,2012-04-16,Censador 5,J*** ***** *****,-,H*** *********,Cessna 172,,-,11:00:00,13:00:00,,,,,,,,,True,"Incidencias: 
La localidad 46 corresponde a Arroyo Partido (46H). Azolla en Lucio de la Junquera y Hondón/Vuelta de la Madre.
Notas de campo: 
nan"
CA_20120514,2012-05-14,Censador 5,J*** **** ******,Ó****,H*** *********,Cessna 172,,-,10:00:00,12:15:00,,censos_aereos/tracks/CA_20120514.gpx,,,,,,,True,"Incidencias: 
Azolla en caño de la Junquera/Hondón"
CA_20120611,2012-06-11,Censador 6,-,-,H*** *********,Cessna 172,,-,09:35:00,10:35:00,True,censos_aereos/tracks/CA_20120611.gpx,,,,,,,True,"Incidencias: 
La localidad 46 corresponde a Arroyo Partido (46H)"
CA_20120725,2012-07-25,Censador 5,J*** **** ******,D****** *****,H*** *********,Cessna 172,,-,10:00:00,12:25:00,,censos_aereos/tracks/CA_20120725.gpx,,,,,,,True,
CA_20120827,2012-08-27,Censador 5,J*** **** ******,C**** ******,H*** *********,Cessna 172,,-,10:00:00,12:30:00,,censos_aereos/tracks/CA_20120827.gpx,,,,,,,True,
CA_20120914,2012-09-14,Censador 5,R***** ******,-,H*** *********,Cessna 172,,-,10:10:00,12:00:00,,,,,,,,,True,
CA_20121023,2012-10-23,Censador 5,J*** **** ******,I***** ***,H*** *********,Cessna 172,,-,09:45:00,12:30:00,,censos_aereos/tracks/CA_20121023.gpx,,,,,,,True,
CA_20121115,2012-11-15,Censador 5,M**** ****,M***** ****,H*** *********,Cessna 172,,-,09:30:00,12:00:00,,,,,,,,,True,
CA_20121226,2012-12-26,Censador 6,U** *******,-,H*** *********,Cessna 172,,-,10:35:00,12:45:00,True,censos_aereos/tracks/CA_20121226.gpx,,,,,,,True,
CA_20130115,2013-01-15,Censador 6,C******,-,H*** *********,Cessna 172,,-,09:40:00,11:40:00,True,censos_aereos/tracks/CA_20130115.gpx,,,,,,,True,
CA_20130226,2013-02-26,Censador 5,J*** **** ******,-,H*** *********,Cessna 172,,-,10:00:00,12:30:00,True,censos_aereos/tracks/CA_20130226.gpx,,,,,,,True,"Incidencias: 
La localidad 46 corresponde a Arroyo Partido con numeración 46h."
CA_20130321,2013-03-21,Censador 5,J*** **** ******,F* *******,H*** *********,Cessna 172,,-,11:00:00,13:00:00,True,censos_aereos/tracks/CA_20130321.gpx,,,,,,,True,
CA_20130411,2013-04-11,Censador 5,B****** ********,A****** *****,H*** *********,Cessna 172,,-,10:30:00,12:30:00,,,,,,,,,True,"Incidencias: 
La localidad 46 corresponde a Arroyo Partido con numeración 46h."
CA_20130527,2013-05-27,Censador 5,-,-,H*** *********,Cessna 172,,-,09:50:00,12:20:00,,,,,,,,,True,"Incidencias: 
La localidad 46 corresponde a Arroyo Partido con numeración 46h."
CA_20130613,2013-06-13,Censador 5,A******** *******,-,H*** *********,Cessna 172,,-,09:45:00,12:30:00,,,,,,,,,True,"
Notas de campo: 
Azolla dispersa en Hinojos y el Chujarro"
CA_20130718,2013-07-18,Censador 5,L**** *********,A******* **********,H*** *********,Cessna 172,,-,10:00:00,13:00:00,,,,,,,,,True,
CA_20130916,2013-09-16,Censador 5,J*** **** ******,N** *******,H*** *********,Cessna 172,,-,09:45:00,12:15:00,True,censos_aereos/tracks/CA_20130916.gpx,,,,,,,True,"Incidencias: 
La localidad 46 corresponde a Arroyo Partido con numeración 46h."
CA_20131023,2013-10-23,Censador 5,I*** *******,-,H*** *********,Cessna 172,D-EVOC,Jerez (La Parra),11:30:00,13:50:00,,,,,,,,,True,
CA_20131120,2013-11-20,Censador 5,J*** **** ******,-,H*** *********,Cessna 172,D-EVOC,Jerez (La Parra),10:00:00,12:45:00,True,censos_aereos/tracks/CA_20131120.gpx,,,,,,,True,
CA_20131216,2013-12-16,Censador 6,R**** *********,-,H*** *********,Cessna 172,D-EVOC,Jerez (La Parra),09:45:00,11:36:00,True,censos_aereos/tracks/CA_20131216.gpx,,,,,,,True,
CA_20140114,2014-01-14,Censador 5,J*** **** ******,M******* ******,H*** *********,Cessna 172,D-EVOC,Jerez (La Parra),10:00:00,12:30:00,True,censos_aereos/tracks/CA_20140114.gpx,,,,,,,True,
CA_20140219,2014-02-19,Censador 5,J*** **** ******,J*** ****** ******,H*** *********,Cessna 172,D-EVOC,Jerez (La Parra),09:30:00,13:00:00,True,censos_aereos/tracks/CA_20140219.gpx,,,,,,,True,
CA_20140312,2014-03-12,Censador 5,J*** **** ******,C**** *******,H*** *********,Cessna 172,D-EVOC,Jerez (La Parra),10:00:00,12:30:00,True,,,,,,,,True,
CA_20140430,2014-04-30,Censador 6,-,-,H*** *********,Cessna 172,D-EVOC,Jerez (La Parra),09:40:00,11:12:00,True,censos_aereos/tracks/CA_20140430.gpx,,,,,,,True,
CA_20140523,2014-05-23,Censador 5,J****** *****,F***** **********,H*** *********,Cessna 172,D-EVOC,Jerez (La Parra),10:30:00,12:30:00,,,,,,,,,True,"
Notas de campo: 
En salinas de los portugueses un tarro blanco con 6 pollos."
CA_20140626,2014-06-26,Censador 5,J*** **** ******,-,H*** *********,Cessna 172,D-EVOC,Jerez (La Parra),10:00:00,13:00:00,True,censos_aereos/tracks/CA_20140626.gpx,,,,,,,True,
CA_20140721,2014-07-21,Censador 5,C***** ** ***** *** **,-,H*** *********,Cessna 172,D-EVOC,Jerez (La Parra),10:00:00,12:30:00,,,,,,,,,True,
CA_20140820,2014-08-20,Censador 5,L**** ********* ** ** **,A******* **********,H*** *********,Cessna 172,D-EVOC,Jerez (La Parra),10:00:00,12:30:00,,,,,,,,,True,
CA_20140925,2014-09-25,Censador 5,J*** **** ******,-,H*** *********,Cessna 172,D-EVOC,Jerez (La Parra),10:30:00,12:30:00,True,,,,,,,,True,
CA_20141023,2014-10-23,Censador 5,J*** **** ******,-,H*** *********,Cessna 172,D-EVOC,Jerez (La Parra),10:00:00,12:30:00,True,censos_aereos/tracks/CA_20141023.gpx,,,,,,,True,"
Notas de campo: 
1 A. adalberti ad. en los Sotos"
CA_20141121,2014-11-21,Censador 5,J*** **** ******,-,H*** *********,Cessna 172,D-EVOC,Jerez (La Parra),09:45:00,12:20:00,True,censos_aereos/tracks/CA_20141121.gpx,,,,,,,True,
CA_20141209,2014-12-09,Censador 6,R**** *********,B***** *******,H*** *********,Cessna 172,D-EVOC,Jerez (La Parra),10:00:00,12:00:00,True,censos_aereos/tracks/CA_20141209.gpx,,,,,,,True,"
Notas de campo: 
El Travieso vuelve a tener conexión con Entremuros y eso se nota tanto en Caracoles como en Las Nuevas (principalmente en el Lucio de los Ánsares y El Desierto) donde hay más agua que en zonas colindantes."
CA_20150112,2015-01-12,Censador 5,J*** **** ******,S***** ******,H*** *********,Cessna 172,D-EVOC,Jerez (La Parra),10:00:00,13:00:00,True,censos_aereos/tracks/CA_20150112.gpx,,,,,,,True,
CA_20150224,2015-02-24,Censador 5,J*** **** ******,F******** *****,H*** *********,Cessna 172,D-EVOC,Jerez (La Parra),10:30:00,13:00:00,True,censos_aereos/tracks/CA_20150224.gpx,,,,,,,True,
CA_20150325,2015-03-25,Censador 5,J*** **** ******,-,H*** *********,Cessna 172,D-EVOC,Jerez (La Parra),10:30:00,12:50:00,True,censos_aereos/tracks/CA_20150325.gpx,,,,,,,True,"Incidencias: 
Mucho viento durante el censo
Notas de campo: 
Azolla filliculoides en toda la vera de la RBD, en algunas zonas muy abundante.El censo de Veta la Palma ha sido subestimado debido a que muchas de las aves están ocultas refugiadas del fuerte viento, que además dificulta el vuelo del censo."
CA_20150410,2015-04-10,Censador 5,J*** ***** ***** ** *****,V****** ***********,H*** *********,Cessna 172,D-EVOC,Jerez (La Parra),10:15:00,13:00:00,,,,,,,,,True,
CA_20150512,2015-05-12,Censador 5,M***** *********,-,H*** *********,Cessna 172,D-EVOC,Jerez (La Parra),09:30:00,12:45:00,,,,,,,,,True,
CA_20150617,2015-06-17,Censador 5,J*** **** ******,R***** ******,H*** *********,Cessna 172,D-EVOC,Jerez (La Parra),09:50:00,12:50:00,True,censos_aereos/tracks/CA_20150617.gpx,,,,,,,True,
CA_20150729,2015-07-29,Censador 5,J*** **** ******,I*** ******* ****,H*** *********,Cessna 172,D-EVOC,Jerez (La Parra),09:30:00,12:30:00,True,censos_aereos/tracks/CA_20150729.gpx,,,,,,,True,
CA_20150923,2015-09-23,Censador 5,J*** **** ******,-,H*** *********,Cessna 172,D-EVOC,Jerez (La Parra),10:00:00,12:30:00,True,censos_aereos/tracks/CA_20150923.gpx,,,,,,,True,
CA_20151015,2015-10-15,Censador 5,-,-,H*** *********,Cessna 172,D-EVOC,Jerez (La Parra),13:00:00,15:00:00,False,,,,,,,,True,
CA_20151123,2015-11-23,Censador 5,J*** **** ******,-,H*** *********,Cessna 172,D-EVOC,Jerez (La Parra),10:30:00,13:30:00,True,censos_aereos/tracks/CA_20151123.gpx,,,,,,,True,
CA_20151209,2015-12-09,Censador 6,R**** *********,O**** *****,H*** *********,Cessna 172,D-EVOC,Jerez (La Parra),10:47:00,12:12:00,True,censos_aereos/tracks/CA_20151209.gpx,,,,,,,True,"Incidencias: 
Se estropea la grabadora nada mas comenzar el vuelo, por lo que se empieza de nuevo con la de Rubén"
CA_20160113,2016-01-13,Censador 5,J*** **** ******,-,H*** *********,Cessna 172,D-EVOC,Jerez (La Parra),10:15:00,14:00:00,True,censos_aereos/tracks/CA_20160113.gpx,,,,,,,True,
CA_20160222,2016-02-22,Censador 5,J*** **** ******,-,H*** *********,Cessna 172,D-EVOC,Jerez (La Parra),10:40:00,13:00:00,True,censos_aereos/tracks/CA_20160222.gpx,,,,,,,True,
CA_20160316,2016-03-16,Censador 5,A** ***** ** *****,J*** ***** *****,H*** *********,Cessna 172,D-EVOC,Jerez (La Parra),11:00:00,13:30:00,False,,,,,,,,True,
CA_20160411,2016-04-11,Censador 5,J*** **** ******,-,H*** *********,Cessna 172,D-EVOC,Jerez (La Parra),09:30:00,13:30:00,True,censos_aereos/tracks/CA_20160411.gpx,,,,,,,True,"Incidencias: 
A partir de la Dehesa de Abajo se realiza un cambio de censador. Dehesa de abajo y Veta la Palma la censa José Luis Arroyo"
CA_20160518,2016-05-18,Censador 5,J*** **** ******,E****** *****,H*** *********,Cessna 172,D-EVOC,Jerez (La Parra),10:30:00,13:20:00,True,censos_aereos/tracks/CA_20160518.gpx,,,,,,,True,
CA_20160609,2016-06-09,Censador 6,R**** *********,-,H*** *********,Cessna 172,D-EVOC,Jerez (La Parra),10:45:00,12:28:00,True,censos_aereos/tracks/CA_20160609.gpx,,,,,,,True,
CA_20160722,2016-07-22,Censador 5,J*** **** ******,-,H*** *********,Cessna 172,D-EVOC,Jerez (La Parra),10:45:00,12:30:00,True,censos_aereos/tracks/CA_20160722.gpx,,,,,,,True,
CA_20160926,2016-09-26,Censador 6,C***** ***** ****** ******,-,H*** *********,Cessna 172,D-EVOC,Jerez (La Parra),10:08:00,11:15:00,True,censos_aereos/tracks/CA_20160926.gpx,,,,,,,True,
CA_20161020,2016-10-20,Censador 6,-,-,H*** *********,Cessna 172,D-EVOC,Jerez (La Parra),09:56:00,11:13:00,True,censos_aereos/tracks/CA_20161020.gpx,,,,,,,True,
CA_20161117,2016-11-17,Censador 6,R**** *********,-,H*** *********,Cessna 172,D-EVOC,Jerez (La Parra),09:50:00,11:04:00,True,censos_aereos/tracks/CA_20161117.gpx,,,,,,,True,
CA_20161219,2016-12-19,Censador 6,R**** *********,-,H*** *********,Cessna 172,D-EVOC,Jerez (La Parra),10:50:00,12:50:00,True,censos_aereos/tracks/CA_20161219.gpx,,,,,,,True,
CA_20170110,2017-01-10,Censador 6,R**** *********,-,H*** *********,Cessna 172,D-EVOC,Jerez (La Parra),10:52:00,12:49:00,True,censos_aereos/tracks/CA_20170110.gpx,,,,,,,True,
CA_20170209,2017-02-09,Censador 6,J****** *****,-,H*** *********,Cessna 172,D-EVOC,Jerez (La Parra),10:15:00,12:21:00,True,censos_aereos/tracks/CA_20170209.gpx,,,,,,,True,
CA_20170313,2017-03-13,Censador 6,R**** *********,-,H*** *********,Cessna 172,D-EVOC,Jerez (La Parra),10:27:00,12:30:00,True,censos_aereos/tracks/CA_20170313.gpx,,,,,,,True,"Incidencias: 
Viento fuerte del N"
CA_20170404,2017-04-04,Censador 6,R**** *********,M*** ******** *** ******,H*** *********,Cessna 172,D-EVOC,Jerez (La Parra),10:48:00,12:49:00,True,censos_aereos/tracks/CA_20170404.gpx,,,,,,,True,"Incidencias: 
Hoy nos acompaña un cámara del programa Salvados (La Sexta)"
CA_20170526,2017-05-26,Censador 6,R**** *********,-,H*** *********,Cessna 172,D-EVOC,Jerez (La Parra),10:10:00,12:08:00,True,censos_aereos/tracks/CA_20170526.gpx,,,,,,,True,"Incidencias: 
Sobre las salinas de Hidalgo y de los Portugueses sobrevuela un helicóptero de la Guardia Civil por lo que se observan menos aves de lo habitual"
CA_20170630,2017-06-30,Censador 6,R**** *********,-,H*** *********,Cessna 172,D-EVOC,Jerez (La Parra),10:00:00,11:37:00,True,censos_aereos/tracks/CA_20170630.gpx,,,,,,,True,
CA_20170717,2017-07-17,Censador 6,R**** *********,-,H*** *********,Cessna 172,D-EVOC,Jerez (La Parra),09:29:00,11:03:00,True,censos_aereos/tracks/CA_20170717.gpx,,,,,,,True,"Incidencias: 
Bastante calor, día despejado
Notas de campo: 
En el Lucio del Hotel están trabajando las máquinas eliminando la vegetación"
CA_20170918,2017-09-18,Censador 6,Ó**** *****,-,H*** *********,Cessna 172,D-EVOC,Jerez (La Parra),09:53:00,11:05:00,True,censos_aereos/tracks/CA_20170918.gpx,,,,,,,True,"Incidencias: 
Día despejado y sin viento. Visibilidad de entre 60 y 70 Km"
CA_20171023,2017-10-23,Censador 6,P**** ******** ***********,-,H*** *********,Cessna 172,D-EVOC,Jerez (La Parra),10:08:00,11:27:00,True,censos_aereos/tracks/CA_20171023.gpx,,,,,,,True,"Incidencias: 
Despejado, sin viento, buenas condiciones para volar"
CA_20171113,2017-11-13,Censador 6,-,-,H*** *********,Cessna 172,D-EVOC,Jerez (La Parra),10:38:00,12:03:00,True,censos_aereos/tracks/CA_20171113.gpx,,,,,,,True,"Incidencias: 
Visibilidad muy buena, ligero viento del noreste, niebla en la zona norte del arrozal al despegar que desaparece antes de llegar a la zona de censo"
CA_20171201,2017-12-01,Censador 6,R**** *********,-,H*** *********,Cessna 172,D-EVOC,Jerez (La Parra),09:59:00,11:53:00,True,censos_aereos/tracks/CA_20171201.gpx,,,,,,,True,"Incidencias: 
Día frío (3 grados a 2000 pies), visibilidad de unos 80 km y ligero viento norte"
CA_20180111,2018-01-11,Censador 6,R**** *********,-,H*** *********,Cessna 172,D-EVOC,Jerez (La Parra),09:58:00,12:03:00,True,censos_aereos/tracks/CA_20180111.gpx,,,,,,,True,"Incidencias: 
Día frío, despejado pero con algo de bruma a 2000 pies de altura, y ligero viento del suroeste"
CA_20180213,2018-02-13,Censador 6,R**** *********,-,H*** *********,Cessna 172,D-EVOC,Jerez (La Parra),10:10:00,12:03:00,True,censos_aereos/tracks/CA_20180213.gpx,,,,,,,True,
CA_20180321,2018-03-21,Censador 6,R**** *********,-,H*** *********,Cessna 172,D-EVOC,Jerez (La Parra),09:57:00,11:50:00,True,censos_aereos/tracks/CA_20180321.gpx,,,,,,,True,"Incidencias: 
Viento norte con rachas de 30-40Km/h. Día frío y completamente despejado, con 2 ºC a 2000 pies de altura"
CA_20180416,2018-04-16,Censador 6,D**** ******,-,H*** *********,Cessna 172,D-EVOC,Jerez (La Parra),11:25:00,13:29:00,True,censos_aereos/tracks/CA_20180416.gpx,,,,,,,True,"Incidencias: 
Empezamos un poco mas tarde debido a niebla en el aeropuerto. Día con buena visibilidad y casi despejado"
CA_20180518,2018-05-18,Censador 6,O***** ** ***** ********** ******* ***** ******,-,H*** *********,Cessna 172,D-EVOC,Jerez (La Parra),10:07:00,12:17:00,True,censos_aereos/tracks/CA_20180518.gpx,,,,,,,True,"Incidencias: 
Al comienzo del vuelo el cielo está despejado, pero conforme avanza el mismo un frente entra desde el norte (bastante raro) provocando chubascos de vez en cuando"
CA_20180618,2018-06-18,Censador 6,R**** *********,-,H*** *********,Cessna 172,D-EVOC,Jerez (La Parra),09:54:00,12:00:00,True,censos_aereos/tracks/CA_20180618.gpx,,,,,,,True,
CA_20180716,2018-07-16,Censador 6,R**** *********,-,H*** *********,Cessna 172,D-EVOC,Jerez (La Parra),09:52:00,11:54:00,True,censos_aereos/tracks/CA_20180716.gpx,,,,,,,True,"Incidencias: 
Día despejado, temperatura fresca"
CA_20180924,2018-09-24,Censador 7,-,-,H*** *********,Cessna 172,OEKTM,Jerez (La Parra),10:08:00,11:40:00,True,,,,,,,,True,
CA_20181024,2018-10-24,Censador 6,C***** ******,-,H*** *********,Cessna 172,D-EVOC,Jerez (La Parra),10:57:00,11:30:00,True,censos_aereos/tracks/CA_20181024.gpx,,,,,,,True,"Incidencias: 
Bruma durante todo el vuelo que hace difícil la identificación"
CA_20181114,2018-11-14,Censador 6,-,-,H*** *********,Cessna 172,D-EVOC,Jerez (La Parra),10:09:00,12:27:00,True,censos_aereos/tracks/CA_20181114.gpx,,,,,,,True,"Incidencias: 
Día templado, ligeramente nublado y sin viento"
CA_20181203,2018-12-03,Censador 6,R**** *********,-,H*** *********,Cessna 172,D-EVOC,Jerez (La Parra),10:34:00,13:00:00,True,censos_aereos/tracks/CA_20181203.gpx,,,,,,,True,"Incidencias: 
Día frío, completamente despejado y con algo de bruma"
CA_20190109,2019-01-09,Censador 6,R**** *********,-,H*** *********,Cessna 172,D-EVOC,Jerez (La Parra),10:40:00,13:09:00,True,censos_aereos/tracks/CA_20190109.gpx,,,,,,,True,"Incidencias: 
Día frío, despejado, ligero viento N, condiciones de visibilidad buenas"
CA_20190227,2019-02-27,Censador 6,-,-,H*** *********,Cessna 172,D-EVOC,Jerez (La Parra),09:53:00,12:03:00,True,censos_aereos/tracks/CA_20190227.gpx,,,,,,,True,"Incidencias: 
Frío, completamente despejado, ligero viento del NE, visibilidad muy buena"
CA_20190320,2019-03-20,Censador 6,M*** ******,-,H*** *********,Cessna 172,D-EVOC,Jerez (La Parra),10:04:00,12:10:00,True,censos_aereos/tracks/CA_20190320.gpx,,,,,,,True,"Incidencias: 
Despejado, ligero viento del NW, visibilidad buena"
CA_20190426,2019-04-26,Censador 6,-,-,H*** *********,Cessna 172,D-EVOC,Jerez (La Parra),09:53:00,11:43:00,True,censos_aereos/tracks/CA_20190426.gpx,,,,,,,True,"Incidencias: 
Frío, despejado con ligero viento del nort. Visibilidad muy buena"
CA_20190529,2019-05-29,Censador 6,-,-,H*** *********,Cessna 172,D-EVOC,Jerez (La Parra),09:55:00,11:27:00,True,censos_aereos/tracks/CA_20190529.gpx,,,,,,,True,"Incidencias: 
Cielo despejado, visibilidad muy buena, calor"
CA_20190621,2019-06-21,Censador 6,R**** *********,-,H*** *********,Cessna 172,D-EVOC,Jerez (La Parra),10:00:00,11:14:00,True,censos_aereos/tracks/CA_20190621.gpx,,,,,,,True,"Incidencias: 
Despejado, sin viento, visibilidad muy buena"
CA_20190717,2019-07-17,Censador 6,M***** ** ******,-,H*** *********,Cessna 172,D-EVOC,Jerez (La Parra),11:04:00,12:19:00,True,censos_aereos/tracks/CA_20190717.gpx,,,,,,,True,"Incidencias: 
Día templado con cielo cubierto por nubes bajas que no impiden censar, visibilidad no muy buena y viento del SW de unos 15 km/h.
Notas de campo: 
La localidad del ""lucio del Hotel"" se elimina del censo al haber sido transmormada en zona de cultivo. Se cambia y actualiza el listado de especies de aves a partir de este mes"
CA_20190917,2019-09-17,Censador 6,-,-,H*** *********,Cessna 172,D-EVOC,Jerez (La Parra),09:54:00,10:53:00,True,censos_aereos/tracks/CA_20190917.gpx,,,,,,,True,"Incidencias: 
Día despejado con ligera bruma, templado y sin viento"
CA_20191024,2019-10-24,Censador 6,-,-,H*** *********,Cessna 172,D-EVOC,Jerez (La Parra),10:11:00,11:32:00,True,censos_aereos/tracks/CA_20191024.gpx,,,,,,,True,"Incidencias: 
Día despejado, frío, viento en calma y muy buena visibilidad"
CA_20191127,2019-11-27,Censador 6,R**** *********,-,H*** *********,Cessna 172,D-EVOC,Jerez (La Parra),12:07:00,13:41:00,True,censos_aereos/tracks/CA_20191127.gpx,,,,,,,True,"Incidencias: 
Nubes y claros después de la niebla. Temperatura fría y con escaso viento"
CA_20191217,2019-12-17,Censador 6,R**** *********,-,H*** *********,Cessna 172,D-EVOC,Jerez (La Parra),10:00:00,11:57:00,True,,,,,,,,True,"Incidencias: 
Cielo casi completamente despejado"
CA_20200113,2020-01-13,Censador 6,R**** *********,-,H*** *********,Cessna 172,D-EVOC,Jerez (La Parra),11:00:00,12:52:00,True,censos_aereos/tracks/CA_20200113.gpx,,,,,,,True,"Incidencias: 
Día despejado, frío (3ºC), viento flojo del NE"
CA_20200225,2020-02-25,Censador 6,R**** *********,-,H*** *********,Cessna 172,D-EVOC,Jerez (La Parra),11:33:00,13:30:00,True,censos_aereos/tracks/CA_20200225.gpx,,,,,,,True,"Incidencias: 
Día despejado, pero con algo de bruma. Temperatura templada, sin viento"
CA_20200313,2020-03-13,Censador 6,R**** *********,-,H*** *********,Cessna 172,D-EVOC,Jerez (La Parra),11:03:00,12:54:00,True,censos_aereos/tracks/CA_20200313.gpx,,,,,,,True,"Incidencias: 
Día con nubes bajas y algo de bruma en toda la zona. Temperatura de unos 15 grados. Sin viento"
CA_20200529,2020-05-29,Censador 7,-,-,H*** *********,Cessna 172,D-EVOC,Jerez (La Parra),10:47:00,12:42:00,True,censos_aereos/tracks/CA_20200529.gpx,,,,,,,True,
CA_20200622,2020-06-22,Censador 7,-,-,H*** *********,Cessna 172,D-EVOC,Jerez (La Parra),10:30:00,12:10:00,True,censos_aereos/tracks/CA_20200622.gpx,,,,,,,True,
CA_20200717,2020-07-17,Censador 6,R**** *********,-,H*** *********,Cessna 172,D-EVOC,Jerez (La Parra),09:48:00,11:19:00,True,censos_aereos/tracks/CA_20200717.gpx,,,,,,,True,"Incidencias: 
Sin viento, mucho calor, visibilidad buena con algo de bruma debido al calor"
CA_20200923,2020-09-23,Censador 6,-,-,H*** *********,Cessna 172,D-EVOC,Jerez (La Parra),09:52:00,11:19:00,True,censos_aereos/tracks/CA_20200923.gpx,,,,,,,True,"Incidencias: 
Temperatura 19ºC, nubes dispersas y sin viento"
CA_20201019,2020-10-19,Censador 6,A****** ****** ********* ******* ** ** ********** *** ********** ** ***** ********* **** ******** **,-,H*** *********,Cessna 172,D-EVOC,Jerez (La Parra),10:10:00,11:54:00,True,censos_aereos/tracks/CA_20201019.gpx,,,,,,,True,"Incidencias: 
Despejado, con temperatura templada (+/- 20º), viento moderado de levante y visibilidad aceptable con algo de bruma"
CA_20201118,2020-11-18,Censador 6,R**** *********,-,H*** *********,Cessna 172,D-EVOC,Jerez (La Parra),10:05:00,11:53:00,True,censos_aereos/tracks/CA_20201118.gpx,,,,,,,True,"Incidencias: 
Despejado con algo de bruma, sin viento y con unos 14ºC. Visibilidad aceptable"
CA_20201217,2020-12-17,Censador 6,R**** *********,-,H*** *********,Cessna 172,D-EVOC,Jerez (La Parra),10:13:00,12:36:00,True,censos_aereos/tracks/CA_20201217.gpx,,,,,,,True,"Incidencias: 
Temperatura templada, visibilidad muy alta excepto cerca del Guadalquivir, con algo de bruma"
CA_20210115,2021-01-15,Censador 6,R**** *********,-,H*** *********,Cessna 172,D-EVOC,Jerez (La Parra),13:08:00,15:35:00,True,censos_aereos/tracks/CA_20210115.gpx,,,,,,,True,"Incidencias: 
Algo de bruma, visibilidad media, mucho frío(3ºC) y cielo completamente despejado"
CA_20210216,2021-02-16,Censador 6,R**** *********,-,H*** *********,Cessna 172,D-EVOC,Jerez (La Parra),10:26:00,12:56:00,True,censos_aereos/tracks/CA_20210216.gpx,,,,,,,True,"Incidencias: 
Día completamente despejado, viento de NE de unos 20 nudos y vivibilidad bastante buena"
CA_20210311,2021-03-11,Censador 6,F******** ********* ********* *********** ******* ***** ******** ***** **********,-,H*** *********,Cessna 172,D-EVOC,Jerez (La Parra),10:29:00,12:41:00,True,censos_aereos/tracks/CA_20210311.gpx,,,,,,,True,"Incidencias: 
Cielo despejado con algo de bruma al inicio, viento suave del NE y temperatura algo fresca"
CA_20210419,2021-04-19,Censador 6,R**** *********,E***** ******,H*** *********,Cessna 172,D-EVOC,Jerez (La Parra),10:07:00,12:25:00,True,censos_aereos/tracks/CA_20210419.gpx,,,,,,,True,"Incidencias: 
Día algo nuboso pero con buena visibilidad. Viento flojo del NE. Temperatura templada."
CA_20210519,2021-05-19,Censador 6,R**** *********,E***** ******,H*** *********,Cessna 172,D-EVOC,Jerez (La Parra),09:52:00,11:41:00,True,censos_aereos/tracks/CA_20210519.gpx,,,,,,,True,"Incidencias: 
Temperatura templada, viento moderado del N con una visibiliddad muy buena de unos 80 Km y completamente despejado"
CA_20210621,2021-06-21,Censador 6,-,-,E***** ******,Cessna 172,D-EVOC,Jerez (La Parra),10:27:00,11:48:00,True,censos_aereos/tracks/CA_20210621.gpx,,,,,,,True,"Incidencias: 
Despejado con nubes dispersas, viento del NW flojo y temperatura de 18-20ºC. Visibilidad buena"
CA_20210720,2021-07-20,Censador 6,R**** *********,-,E***** ******,Cessna 172,D-EVOC,Jerez (La Parra),09:50:00,11:10:00,True,censos_aereos/tracks/CA_20210720.gpx,,,,,,,True,"Incidencias: 
Día nublado con ligeros claros, viento suave del SW, visibilidad media y temperatura de unos 20ºC"
CA_20210922,2021-09-22,Censador 6,-,-,E***** ******,Cessna 172,D-EVOC,Jerez (La Parra),10:02:00,11:20:00,True,censos_aereos/tracks/CA_20210922.gpx,,,,,,,True,"Incidencias: 
Día despejado con viento flojo del NE, temperatura 22ºC y visibilidad muy buena"
CA_20211019,2021-10-19,Censador 6,S******** ******** *******,-,H*** *********,Cessna 172,D-EVOC,Jerez (La Parra),10:26:00,11:53:00,True,censos_aereos/tracks/CA_20211019.gpx,,,,,,,True,
CA_20211116,2021-11-16,Censador 6,R**** *********,-,H*** *********,Cessna 172,D-EVOC,Jerez (La Parra),10:03:00,11:32:00,True,censos_aereos/tracks/CA_20211116.gpx,,,,,,,True,"Incidencias: 
Día despejado, sin viento, temperatura de unpos 8ºC, visibilidad muy buena, por encima de 50Km"
CA_20211214,2021-12-14,Censador 6,R**** *********,-,H*** *********,Cessna 172,D-EVOC,Jerez (La Parra),10:19:00,12:11:00,True,censos_aereos/tracks/CA_20211214.gpx,,,,,,,True,"Incidencias: 
Día completamente depejado, sin viento, temperatura de unos 8ºC, visibilidad muy buena (por encima de 50 Km)"
CA_20220118,2022-01-18,Censador 6,R**** *********,-,E***** ******,Cessna 172,D-EVOC,Jerez (La Parra),10:39:00,12:23:00,True,censos_aereos/tracks/CA_20220118.gpx,,,,,,,True,"Incidencias: 
Día despejado y frío (unos 5ºC). Viento flojo de Levante. Visibilidad de unos 40-50 Km"
CA_20220215,2022-02-15,Censador 6,J***** **********,-,H*** *********,Cessna 172,D-EVOC,Jerez (La Parra),10:07:00,11:41:00,True,censos_aereos/tracks/CA_20220215.gpx,,,,,,,True,"Incidencias: 
Día despejado, viento ligero de levante, temperatura fría y visibilidad muy buena que supera los 70Km"
CA_20220318,2022-03-18,Censador 6,R**** *********,-,E***** ******,Cessna 172,D-EVOC,Jerez (La Parra),10:02:00,11:43:00,True,censos_aereos/tracks/CA_20220318.gpx,,,,,,,True,"Incidencias: 
Cielo con pocas nubes, viento de levante debil, buena visibilidad, temperatura templada"
CA_20220428,2022-04-28,Censador 6,I***** ******* ************* ****,-,H*** *********,Cessna 172,D-EVOC,Jerez (La Parra),10:09:00,11:54:00,True,censos_aereos/tracks/CA_20220428.gpx,,,,,,,True,"Incidencias: 
Día despejado, temperatura de aprox. 18ºC sin viento y con visibilidad superior a los 50 Km."
CA_20220527,2022-05-27,Censador 6,R**** *********,-,E***** ******,Cessna 172,D-EOJO,Jerez (La Parra),10:12:00,11:54:00,True,censos_aereos/tracks/CA_20220527.gpx,,,,,,,True,"Incidencias: 
Cielo despejado con visibilidad por encima de los 70 Km, Viento del E de unos 25 Km/h. Temperatura de unos 25ºC"
CA_20220617,2022-06-17,Censador 6,-,-,E***** ******,Cessna 172,D-EVOC,Jerez (La Parra),10:07:00,11:35:00,True,censos_aereos/tracks/CA_20220617.gpx,,,,,,,True,"Incidencias: 
Día con algo de bruma, temperatura de 23ºC, casi sin viento y visibilidad media. "
CA_20220728,2022-07-28,Censador 6,-,-,E***** ******,Cessna 172,D-EVOC,Jerez (La Parra),10:11:00,11:36:00,True,censos_aereos/tracks/CA_20220728.gpx,,,,,,,True,"Incidencias: 
Temperatura de 23 ºC, despejado, visibilidad buena y viento ligero del SE"
CA_20220916,2022-09-16,Censador 6,-,-,E***** ******,Cessna 172,D-EVOC,Jerez (La Parra),11:52:00,13:14:00,True,censos_aereos/tracks/CA_20220916.gpx,,,,,,,True,"Incidencias: 
Cielo despejado, sin viento, temperatura de uno 25ºC, visibilidad muy buena de más de 50 Km
Notas de campo: 
La localidad ""Arrozales de Tarfia"" queda dividida en 2: ""Balsa de Tarfia"" y ""Cultivos de Tarfia"""
CA_20221019,2022-10-19,Censador 6,R*** *******,-,E***** ******,Cessna 172,D-EVOC,Jerez (La Parra),10:21:00,11:48:00,True,censos_aereos/tracks/CA_20221019.gpx,,,,,,,True,"Incidencias: 
Día nublado, visibilidad de 1 Km aprox., viento en calma y tª de unos 22ºC"
CA_20221121,2022-11-21,Censador 6,P**** ****** *************,-,E***** ******,Cessna 172,D-EVOC,Jerez (La Parra),10:05:00,11:15:00,True,censos_aereos/tracks/CA_20221121.gpx,,,,,,,True,"Incidencias: 
Día nublado, nubes bajas y con algo de lluvia en la parte de la marisma más cercana al monte, por lo que algunas localidades no se pueden censar (la mayoría sin agua y por lo tanto sin aves). Viento nulo. Temperatura de 11 ºC. La visibilidad de las zones sin nubes bajas es buena."
CA_20221219,2022-12-19,Censador 6,R**** *********,-,E***** ******,Cessna 172,D-EVOC,Jerez (La Parra),10:14:00,12:32:00,True,censos_aereos/tracks/CA_20221219.gpx,,,,,,,True,"Incidencias: 
Temperatura de unos 10ºC. Visibilidad de unos 30 Km. Nubes dispersas y viento ligero del NE"
CA_20230119,2023-01-19,Censador 6,R**** *********,-,E***** ******,Cessna 172,D-EVOC,Jerez (La Parra),10:19:00,12:37:00,True,censos_aereos/tracks/CA_20230119.gpx,,,,,,,True,"Incidencias: 
ielo despejado, temperatura fría 4ºC, Viento nulo, visibilidad muy buena de unos 50 Km"
CA_20230216,2023-02-16,Censador 6,R**** *********,,H*** *********,Cessna 172,D-EVOC,Jerez (La Parra),10:10:56,12:08:00,True,censos_aereos/tracks/CA_20230216.gpx,True,Buena de 30km,10,NE,Cielo despejado,8,True,
CA_20230314,2023-03-14,Censador 6,R**** *********,,E***** ******,Cessna 172,D-EVOC,Jerez (La Parra),10:15:29,12:02:37,True,censos_aereos/tracks/CA_20230314.gpx,True,"Muy buena, de unos 50Km",15,NO,Muy buena,12,True,
CA_20230424,2023-04-24,Censador 6,I**** *******,,E***** ******,Cessna 172,D-EVOC,Jerez (La Parra),10:10:00,11:36:00,True,censos_aereos/tracks/CA_20230424.gpx,True,"Muy buena, de unos 50Km",7,NO,Despejado,20,True,
CA_20230525,2023-05-25,Censador 6,,,H*** *********,Cessna 172,D-EVOC,Jerez (La Parra),11:07:30,12:24:00,True,censos_aereos/tracks/CA_20230525.gpx,True,25km,5,NE,Cielo despejado,21,True,Hoy se comienza el censo algo más tarde porque el aeropuerto no permitía la salida de vuelos en modo manual hasta una hora y cuarto más tarde de cuando solemos salir.
CA_20230621,2023-06-21,Censador 6,G***** ***********,,H*** *********,Cessna 172,D-EVOC,Jerez (La Parra),10:17:00,11:37:00,True,censos_aereos/tracks/CA_20230621.gpx,True,"Buena, de unos 15 Km",7,SE,Cielo parcialmente cubierto,23,True,
CA_20230718,2023-07-18,Censador 6,R**** *********,,E***** ******,Cessna 172,D-EVOC,Jerez (La Parra),11:01:37,12:19:00,True,censos_aereos/tracks/CA_20230718.gpx,True,"Regular, de unos 1700 m",9,SE,"Cielo parcialmente cubierto, algo de bruma",27,True,
CA_20230921,2023-09-21,Censador 6,,,H*** *********,Cessna 172,D-EVOC,Jerez (La Parra),10:03:00,11:27:00,True,censos_aereos/tracks/CA_20230921.gpx,True,"Muy buena, de unos 50 Km",4,SO,Nubes dispersas,18,True,
CA_20231027,2023-10-27,Censador 6,,,H*** *********,Cessna 172,D-EVOC,Jerez (La Parra),10:27:00,12:05:00,True,censos_aereos/tracks/CA_20231027.gpx,True,"Buena, de unos 15 Km",4,NO,Cielo parcialmente cubierto,17,True,
CA_20231123,2023-11-23,Censador 6,E*** *******,,H*** *********,Cessna 172,D-EVOC,Jerez (La Parra),10:08:00,11:48:00,True,censos_aereos/tracks/CA_20231123.gpx,True,"Muy buena, de unos 100 Km",9,NO,Cielo completamente despejado,9,True,
CA_20231215,2023-12-15,Censador 6,,,E***** ******,Cessna 172,D-EVOC,Jerez (La Parra),10:17:00,12:06:00,True,censos_aereos/tracks/CA_20231215.gpx,True,"Muy buena, de unos 100 Km",55,NE,Cielo completamente despejado,9,True,
CA_20240116,2024-01-16,Censador 6,R**** *********,,H*** *********,Cessna 172,D-EVOC,Jerez (La Parra),10:08:00,11:48:00,True,censos_aereos/tracks/CA_20240116.gpx,True,"Buena, de unos 10 Km",7,SE,Cielo cubierto,9,True,
CA_20240215,2024-02-15,Censador 6,R**** *********,,H*** *********,Cessna 172,D-EVOC,Jerez (La Parra),09:38:00,12:04:00,True,censos_aereos/tracks/CA_20240215.gpx,True,"Regular, de unos 5 km",50,SE,Llueve ligeramente,18,True,
CA_20240312,2024-03-12,Censador 6,R**** *********,,H*** *********,Cessna 172,D-EVOC,Jerez (La Parra),09:59:00,12:01:00,True,censos_aereos/tracks/CA_20240312.gpx,True,"Muy buena, de unos 50 km.",2,SO,Cielo completamente despejado,8,True,
CA_20240423,2024-04-23,Censador 6,R**** *********,,H*** *********,Cessna 172,D-EVOC,Jerez (La Parra),09:56:00,12:16:00,True,censos_aereos/tracks/CA_20240423.gpx,True,"Muy buena, de unos 30 Km",13,NE,Cielo completamente despejado,15,True,
CA_20240527,2024-05-27,Censador 6,R**** *********,,H*** *********,Cessna 172,D-EVOC,Jerez (La Parra),10:07:00,12:16:00,True,censos_aereos/tracks/CA_20240527.gpx,True,"Muy buena, de unos 50 Km",2,NE,Cielo completamente despejado,20,True,
CA_20240618,2024-06-18,Censador 6,R**** *********,,H*** *********,Cessna 172,D-EVOC,Jerez (La Parra),10:00:00,11:53:00,True,censos_aereos/tracks/CA_20240618.gpx,True,"Buena, de unos 20 Km",15,SO,Cielo cubierto,17,True,
CA_20240717,2024-07-17,Censador 6,R**** *********,M**** ************,H*** *********,Cessna 172,D-EVOC,Jerez (La Parra),10:02:00,11:31:00,True,censos_aereos/tracks/CA_20240717.gpx,True,"Muy buena, de unos 50 Km",6,E,Cielo completamente despejado,22,True,"Vuela con nosotros María, que es una piloto maltesa que va a formarse para sustituir a Hans cuando él no pueda volar"
CA_20240918,2024-09-18,Censador 6,,,M**** ****,Cessna 172,D-EVOC,Jerez (La Parra),10:23:00,11:51:00,True,censos_aereos/tracks/CA_20240918.gpx,True,"Muy buena, de unos 50 Km",7,NE,Cielo completamente despejado,24,True,
CA_20241022,2024-10-22,Censador 6,,,M**** ****,Cessna 172,D-EVOC,Jerez (La Parra),10:13:00,11:53:00,True,censos_aereos/tracks/CA_20241022.gpx,True,"Muy buena, de unos 50 Km",0,,Cielo completamente despejado,18,True,
CA_20241120,2024-11-20,Censador 6,J*** ****** ***** ******,,M**** ****,Cessna 172,D-EVOC,Jerez (La Parra),11:09:00,13:05:00,True,censos_aereos/tracks/CA_20241120.gpx,True,"Muy buena, de unos 50 Km",0,,Cielo completamente despejado,15,True,
CA_20241218,2024-12-18,Censador 6,R**** *********,,M**** ****,Cessna 172,D-EVOC,Jerez (La Parra),09:44:00,11:46:00,True,censos_aereos/tracks/CA_20241218.gpx,True,"Muy buena, de unos 50 Km",6,NE,Nubes dispersas,9,True,
CA_20250115,2025-01-15,Censador 6,R**** *********,,M**** ****,Cessna 172,D-EOJO,Jerez (La Parra),10:43:00,12:36:00,True,censos_aereos/tracks/CA_20250115.gpx,True,"Muy buena, de unos 80 Km",7,NE,Cielo completamente despejado,3,True,
CA_20250225,2025-02-25,Censador 6,R**** *********,,M**** ****,Cessna 172,D-EVOC,Jerez (La Parra),10:35:00,12:49:00,True,censos_aereos/tracks/CA_20250225_sZ1TqMP.gpx,True,"Buena, de unos 30 Km",2,NO,Cielo nublado,10,True,
CA_20250327,2025-03-27,Censador 6,M***** ** ******,,M**** ****,Cessna 172,D-EOWE,Jerez (La Parra),11:03:00,13:07:00,True,,True,"Muy buena, de unos 80 Km",4,SO,Cielo completamente despejado,15,True,
CA_20251120,2025-11-20,Censador 6,R**** *********,,A****** *******,Cessna 172,EC-GJJ,Bollullos de la Mitación (La Juliana),11:26:00,13:22:00,True,censos_aereos/tracks/CA_20251120.gpx,True,"Muy buena, de más de 50 Km",0,,Cielo completamente despejado,14,True,
CA_20251229,2025-12-29,Censador 6,R**** *********,,A****** *******,Cessna 172,EC-GJJ,Bollullos de la Mitación (La Juliana),11:28:00,13:51:00,True,censos_aereos/tracks/CA_20251229.gpx,False,"Muy buena, de más de 50 Km",0,,Cielo completamente despejado,12,True,
CA_20260119,2026-01-19,Censador 6,R**** *********,,A****** *******,Cessna 172,EC-GJJ,Bollullos de la Mitación (La Juliana),11:14:00,13:48:00,True,censos_aereos/tracks/CA_20260119.gpx,True,"Muy buena, de más de 50 Km",5,NE,Cielo con algunas nubes,6,True,
